{
  "__inputs": [
    {
      "name": "DS_GITHUB",
      "label": "GitHub",
      "description": "",
      "type": "datasource",
      "pluginId": "grafana-github-datasource",
      "pluginName": "GitHub"
    }
  ],
  "__elements": [],
  "__requires": [
    {
      "type": "grafana",
      "id": "grafana",
      "name": "Grafana",
      "version": "8.5.0"
    },
    {
      "type": "datasource",
      "id": "grafana-github-datasource",
      "name": "GitHub",
      "version": "1.0.8"
    },
    {
      "type": "panel",
      "id": "stat",
      "name": "Stat",
      "version": ""
    },
    {
      "type": "panel",
      "id": "table",
      "name": "Table",
      "version": ""
    }
  ],
  "annotations": {
    "list": [
      {
        "builtIn": 1,
        "datasource": {
          "type": "datasource",
          "uid": "grafana"
        },
        "enable": true,
        "hide": true,
        "iconColor": "rgba(0, 211, 255, 1)",
        "name": "Annotations & Alerts",
        "target": {
          "limit": 100,
          "matchAny": false,
          "tags": [],
          "type": "dashboard"
        },
        "type": "dashboard"
      },
      {
        "annotation": {
          "datasource": "$datasource",
          "field": "title",
          "options": {
            "query": ""
          },
          "owner": "$organization",
          "queryType": "Issues",
          "refId": "",
          "repository": "$repository",
          "timeField": "created_at"
        },
        "datasource": {
          "uid": "$datasource"
        },
        "datasourceId": 10,
        "enable": true,
        "hide": false,
        "iconColor": "#E02F44",
        "name": "Issues Opened",
        "rawQuery": "SELECT\n  extract(epoch from time_column) AS time,\n  text_column as text,\n  tags_column as tags\nFROM\n  metric_table\nWHERE\n  $__timeFilter(time_column)\n",
        "showIn": 0
      },
      {
        "annotation": {
          "datasource": "$datasource",
          "field": "title",
          "options": {
            "query": "is:closed",
            "timeField": 1
          },
          "owner": "$organization",
          "queryType": "Issues",
          "refId": "",
          "repository": "$repository",
          "timeField": "closed_at"
        },
        "datasource": {
          "uid": "$datasource"
        },
        "datasourceId": 10,
        "enable": true,
        "hide": false,
        "iconColor": "#96D98D",
        "name": "Issues Closed",
        "rawQuery": "SELECT\n  extract(epoch from time_column) AS time,\n  text_column as text,\n  tags_column as tags\nFROM\n  metric_table\nWHERE\n  $__timeFilter(time_column)\n",
        "showIn": 0
      },
      {
        "annotation": {
          "datasource": "$datasource",
          "field": "name",
          "owner": "$organization",
          "queryType": "Releases",
          "refId": "",
          "repository": "$repository",
          "timeField": "published_at"
        },
        "datasource": {
          "uid": "$datasource"
        },
        "datasourceId": 10,
        "enable": true,
        "hide": false,
        "iconColor": "#8AB8FF",
        "name": "Releases",
        "rawQuery": "SELECT\n  extract(epoch from time_column) AS time,\n  text_column as text,\n  tags_column as tags\nFROM\n  metric_table\nWHERE\n  $__timeFilter(time_column)\n",
        "showIn": 0
      }
    ]
  },
  "editable": true,
  "fiscalYearStartMonth": 0,
  "graphTooltip": 0,
  "id": null,
  "iteration": 1654462304304,
  "links": [],
  "liveNow": false,
  "panels": [
    {
      "collapsed": false,
      "datasource": {
        "type": "grafana-github-datasource",
        "uid": "${DS_GITHUB}"
      },
      "gridPos": {
        "h": 1,
        "w": 24,
        "x": 0,
        "y": 0
      },
      "id": 4,
      "panels": [],
      "title": "Stats",
      "type": "row"
    },
    {
      "datasource": {
        "uid": "$datasource"
      },
      "fieldConfig": {
        "defaults": {
          "mappings": [],
          "thresholds": {
            "mode": "absolute",
            "steps": [
              {
                "color": "green",
                "value": null
              },
              {
                "color": "red",
                "value": 80
              }
            ]
          }
        },
        "overrides": []
      },
      "gridPos": {
        "h": 4,
        "w": 4,
        "x": 0,
        "y": 1
      },
      "id": 6,
      "options": {
        "colorMode": "value",
        "graphMode": "area",
        "justifyMode": "auto",
        "orientation": "auto",
        "reduceOptions": {
          "calcs": ["mean"],
          "fields": "",
          "values": false
        },
        "text": {},
        "textMode": "auto"
      },
      "pluginVersion": "8.5.0",
      "targets": [
        {
          "options": {
            "gitRef": "$branch"
          },
          "owner": "$organization",
          "queryType": "Commits",
          "refId": "A",
          "repository": "$repository"
        }
      ],
      "title": "Commits",
      "transformations": [
        {
          "id": "reduce",
          "options": {
            "reducers": ["count"]
          }
        }
      ],
      "type": "stat"
    },
    {
      "datasource": {
        "uid": "$datasource"
      },
      "fieldConfig": {
        "defaults": {
          "mappings": [],
          "thresholds": {
            "mode": "absolute",
            "steps": [
              {
                "color": "green",
                "value": null
              },
              {
                "color": "red",
                "value": 80
              }
            ]
          }
        },
        "overrides": []
      },
      "gridPos": {
        "h": 4,
        "w": 4,
        "x": 4,
        "y": 1
      },
      "id": 9,
      "options": {
        "colorMode": "value",
        "graphMode": "area",
        "justifyMode": "auto",
        "orientation": "auto",
        "reduceOptions": {
          "calcs": ["mean"],
          "fields": "",
          "values": false
        },
        "text": {},
        "textMode": "auto"
      },
      "pluginVersion": "8.5.0",
      "targets": [
        {
          "owner": "$organization",
          "queryType": "Releases",
          "refId": "A",
          "repository": "$repository"
        }
      ],
      "title": "Releases",
      "transformations": [
        {
          "id": "reduce",
          "options": {
            "reducers": ["count"]
          }
        }
      ],
      "type": "stat"
    },
    {
      "datasource": {
        "uid": "$datasource"
      },
      "fieldConfig": {
        "defaults": {
          "mappings": [],
          "thresholds": {
            "mode": "absolute",
            "steps": [
              {
                "color": "green",
                "value": null
              },
              {
                "color": "red",
                "value": 80
              }
            ]
          }
        },
        "overrides": []
      },
      "gridPos": {
        "h": 4,
        "w": 4,
        "x": 8,
        "y": 1
      },
      "id": 10,
      "options": {
        "colorMode": "value",
        "graphMode": "area",
        "justifyMode": "auto",
        "orientation": "auto",
        "reduceOptions": {
          "calcs": ["mean"],
          "fields": "",
          "values": false
        },
        "text": {},
        "textMode": "auto"
      },
      "pluginVersion": "8.5.0",
      "targets": [
        {
          "owner": "$organization",
          "queryType": "Tags",
          "refId": "A",
          "repository": "$repository"
        }
      ],
      "title": "Tags",
      "transformations": [
        {
          "id": "reduce",
          "options": {
            "reducers": ["count"]
          }
        }
      ],
      "type": "stat"
    },
    {
      "collapsed": false,
      "datasource": {
        "type": "grafana-github-datasource",
        "uid": "${DS_GITHUB}"
      },
      "gridPos": {
        "h": 1,
        "w": 24,
        "x": 0,
        "y": 5
      },
      "id": 31,
      "panels": [],
      "title": "Pull Requests",
      "type": "row"
    },
    {
      "datasource": {
        "uid": "$datasource"
      },
      "fieldConfig": {
        "defaults": {
          "mappings": [],
          "thresholds": {
            "mode": "absolute",
            "steps": [
              {
                "color": "green",
                "value": null
              }
            ]
          }
        },
        "overrides": []
      },
      "gridPos": {
        "h": 4,
        "w": 4,
        "x": 0,
        "y": 6
      },
      "id": 29,
      "options": {
        "colorMode": "value",
        "graphMode": "area",
        "justifyMode": "auto",
        "orientation": "auto",
        "reduceOptions": {
          "calcs": ["mean"],
          "fields": "",
          "values": false
        },
        "text": {},
        "textMode": "auto"
      },
      "pluginVersion": "8.5.0",
      "targets": [
        {
          "options": {
            "query": "",
            "timeField": 1
          },
          "owner": "$organization",
          "queryType": "Pull_Requests",
          "refId": "A",
          "repository": "$repository"
        }
      ],
      "title": "Pull Requests Created",
      "transformations": [
        {
          "id": "reduce",
          "options": {
            "reducers": ["count"]
          }
        }
      ],
      "type": "stat"
    },
    {
      "datasource": {
        "uid": "$datasource"
      },
      "fieldConfig": {
        "defaults": {
          "mappings": [],
          "thresholds": {
            "mode": "absolute",
            "steps": [
              {
                "color": "green",
                "value": null
              },
              {
                "color": "yellow",
                "value": 30
              },
              {
                "color": "red",
                "value": 90
              }
            ]
          }
        },
        "overrides": []
      },
      "gridPos": {
        "h": 4,
        "w": 4,
        "x": 4,
        "y": 6
      },
      "id": 32,
      "options": {
        "colorMode": "value",
        "graphMode": "area",
        "justifyMode": "auto",
        "orientation": "auto",
        "reduceOptions": {
          "calcs": ["mean"],
          "fields": "",
          "values": false
        },
        "text": {},
        "textMode": "auto"
      },
      "pluginVersion": "8.5.0",
      "targets": [
        {
          "options": {
            "query": "is:open",
            "timeField": 3
          },
          "owner": "$organization",
          "queryType": "Pull_Requests",
          "refId": "A",
          "repository": "$repository"
        }
      ],
      "title": "Active Pull Requests",
      "transformations": [
        {
          "id": "reduce",
          "options": {
            "reducers": ["count"]
          }
        }
      ],
      "type": "stat"
    },
    {
      "datasource": {
        "uid": "$datasource"
      },
      "fieldConfig": {
        "defaults": {
          "mappings": [],
          "thresholds": {
            "mode": "absolute",
            "steps": [
              {
                "color": "green",
                "value": null
              },
              {
                "color": "red",
                "value": 80
              }
            ]
          },
          "unit": "s"
        },
        "overrides": []
      },
      "gridPos": {
        "h": 4,
        "w": 4,
        "x": 8,
        "y": 6
      },
      "id": 21,
      "options": {
        "colorMode": "value",
        "graphMode": "area",
        "justifyMode": "auto",
        "orientation": "auto",
        "reduceOptions": {
          "calcs": ["mean"],
          "fields": "",
          "values": false
        },
        "text": {},
        "textMode": "auto"
      },
      "pluginVersion": "8.5.0",
      "targets": [
        {
          "options": {
            "query": "",
            "timeField": 0
          },
          "owner": "$organization",
          "queryType": "Pull_Requests",
          "refId": "A",
          "repository": "$repository"
        }
      ],
      "title": "PR average open time",
      "transformations": [
        {
          "id": "filterFieldsByName",
          "options": {
            "include": {
              "names": ["locked", "open_time"]
            }
          }
        },
        {
          "id": "reduce",
          "options": {
            "reducers": ["mean"]
          }
        }
      ],
      "type": "stat"
    },
    {
      "datasource": {
        "uid": "$datasource"
      },
      "fieldConfig": {
        "defaults": {
          "mappings": [],
          "thresholds": {
            "mode": "absolute",
            "steps": [
              {
                "color": "green",
                "value": null
              },
              {
                "color": "red",
                "value": 80
              }
            ]
          },
          "unit": "s"
        },
        "overrides": []
      },
      "gridPos": {
        "h": 4,
        "w": 4,
        "x": 12,
        "y": 6
      },
      "id": 35,
      "options": {
        "colorMode": "value",
        "graphMode": "area",
        "justifyMode": "auto",
        "orientation": "auto",
        "reduceOptions": {
          "calcs": ["mean"],
          "fields": "",
          "values": false
        },
        "text": {},
        "textMode": "auto"
      },
      "pluginVersion": "8.5.0",
      "targets": [
        {
          "options": {
            "query": "is:open",
            "timeField": 3
          },
          "owner": "$organization",
          "queryType": "Pull_Requests",
          "refId": "A",
          "repository": "$repository"
        }
      ],
      "title": "Active PR Open Time",
      "transformations": [
        {
          "id": "filterFieldsByName",
          "options": {
            "include": {
              "names": ["open_time"]
            }
          }
        },
        {
          "id": "reduce",
          "options": {
            "reducers": ["mean"]
          }
        }
      ],
      "type": "stat"
    },
    {
      "collapsed": false,
      "datasource": {
        "type": "grafana-github-datasource",
        "uid": "${DS_GITHUB}"
      },
      "gridPos": {
        "h": 1,
        "w": 24,
        "x": 0,
        "y": 10
      },
      "id": 27,
      "panels": [],
      "title": "Issues",
      "type": "row"
    },
    {
      "datasource": {
        "uid": "$datasource"
      },
      "fieldConfig": {
        "defaults": {
          "mappings": [],
          "thresholds": {
            "mode": "absolute",
            "steps": [
              {
                "color": "green",
                "value": null
              },
              {
                "color": "red",
                "value": 80
              }
            ]
          }
        },
        "overrides": []
      },
      "gridPos": {
        "h": 4,
        "w": 4,
        "x": 0,
        "y": 11
      },
      "id": 15,
      "options": {
        "colorMode": "value",
        "graphMode": "area",
        "justifyMode": "auto",
        "orientation": "auto",
        "reduceOptions": {
          "calcs": ["mean"],
          "fields": "",
          "values": false
        },
        "text": {},
        "textMode": "auto"
      },
      "pluginVersion": "8.5.0",
      "targets": [
        {
          "options": {
            "query": ""
          },
          "owner": "$organization",
          "queryType": "Issues",
          "refId": "A",
          "repository": "$repository"
        }
      ],
      "title": "Issues Created",
      "transformations": [
        {
          "id": "reduce",
          "options": {
            "reducers": ["count"]
          }
        }
      ],
      "type": "stat"
    },
    {
      "datasource": {
        "uid": "$datasource"
      },
      "fieldConfig": {
        "defaults": {
          "mappings": [],
          "thresholds": {
            "mode": "absolute",
            "steps": [
              {
                "color": "green",
                "value": null
              },
              {
                "color": "yellow",
                "value": 30
              },
              {
                "color": "red",
                "value": 90
              }
            ]
          }
        },
        "overrides": []
      },
      "gridPos": {
        "h": 4,
        "w": 4,
        "x": 4,
        "y": 11
      },
      "id": 33,
      "options": {
        "colorMode": "value",
        "graphMode": "area",
        "justifyMode": "auto",
        "orientation": "auto",
        "reduceOptions": {
          "calcs": ["mean"],
          "fields": "",
          "values": false
        },
        "text": {},
        "textMode": "auto"
      },
      "pluginVersion": "8.5.0",
      "targets": [
        {
          "options": {
            "query": "is:open"
          },
          "owner": "$organization",
          "queryType": "Issues",
          "refId": "A",
          "repository": "$repository"
        }
      ],
      "title": "Active Issues",
      "transformations": [
        {
          "id": "reduce",
          "options": {
            "reducers": ["count"]
          }
        }
      ],
      "type": "stat"
    },
    {
      "datasource": {
        "uid": "$datasource"
      },
      "fieldConfig": {
        "defaults": {
          "mappings": [],
          "thresholds": {
            "mode": "absolute",
            "steps": [
              {
                "color": "green",
                "value": null
              },
              {
                "color": "red",
                "value": 80
              }
            ]
          },
          "unit": "ms"
        },
        "overrides": []
      },
      "gridPos": {
        "h": 4,
        "w": 4,
        "x": 8,
        "y": 11
      },
      "id": 34,
      "options": {
        "colorMode": "value",
        "graphMode": "area",
        "justifyMode": "auto",
        "orientation": "auto",
        "reduceOptions": {
          "calcs": ["mean"],
          "fields": "",
          "values": false
        },
        "text": {},
        "textMode": "auto"
      },
      "pluginVersion": "8.5.0",
      "targets": [
        {
          "options": {
            "query": "",
            "timeField": 1
          },
          "owner": "$organization",
          "queryType": "Issues",
          "refId": "A",
          "repository": "$repository"
        }
      ],
      "title": "Issues Average Open Time (Closed issues)",
      "transformations": [
        {
          "id": "calculateField",
          "options": {
            "binary": {
              "left": "closed_at",
              "operator": "-",
              "reducer": "sum",
              "right": "created_at"
            },
            "mode": "binary",
            "reduce": {
              "reducer": "sum"
            },
            "replaceFields": true
          }
        },
        {
          "id": "reduce",
          "options": {
            "reducers": ["mean"]
          }
        }
      ],
      "type": "stat"
    },
    {
      "datasource": {
        "uid": "$datasource"
      },
      "fieldConfig": {
        "defaults": {
          "mappings": [],
          "thresholds": {
            "mode": "absolute",
            "steps": [
              {
                "color": "green",
                "value": null
              },
              {
                "color": "red",
                "value": 80
              }
            ]
          }
        },
        "overrides": []
      },
      "gridPos": {
        "h": 4,
        "w": 4,
        "x": 12,
        "y": 11
      },
      "id": 28,
      "options": {
        "colorMode": "value",
        "graphMode": "area",
        "justifyMode": "auto",
        "orientation": "auto",
        "reduceOptions": {
          "calcs": ["mean"],
          "fields": "",
          "values": false
        },
        "text": {},
        "textMode": "auto"
      },
      "pluginVersion": "8.5.0",
      "targets": [
        {
          "options": {
            "query": "milestone:$milestone"
          },
          "owner": "$organization",
          "queryType": "Issues",
          "refId": "A",
          "repository": "$repository"
        }
      ],
      "title": "Issues Created in Milestone",
      "transformations": [
        {
          "id": "reduce",
          "options": {
            "reducers": ["count"]
          }
        }
      ],
      "type": "stat"
    },
    {
      "collapsed": false,
      "datasource": {
        "type": "grafana-github-datasource",
        "uid": "${DS_GITHUB}"
      },
      "gridPos": {
        "h": 1,
        "w": 24,
        "x": 0,
        "y": 15
      },
      "id": 37,
      "panels": [],
      "title": "Data",
      "type": "row"
    },
    {
      "datasource": {
        "uid": "$datasource"
      },
      "fieldConfig": {
        "defaults": {
          "custom": {
            "displayMode": "auto",
            "filterable": false,
            "inspect": false
          },
          "mappings": [],
          "thresholds": {
            "mode": "absolute",
            "steps": [
              {
                "color": "green",
                "value": null
              },
              {
                "color": "red",
                "value": 80
              }
            ]
          }
        },
        "overrides": [
          {
            "matcher": {
              "id": "byName",
              "options": "id"
            },
            "properties": [
              {
                "id": "custom.width",
                "value": 74
              }
            ]
          },
          {
            "matcher": {
              "id": "byName",
              "options": "author"
            },
            "properties": [
              {
                "id": "custom.width",
                "value": 136
              }
            ]
          }
        ]
      },
      "gridPos": {
        "h": 9,
        "w": 12,
        "x": 0,
        "y": 16
      },
      "id": 2,
      "options": {
        "footer": {
          "fields": "",
          "reducer": ["sum"],
          "show": false
        },
        "showHeader": true,
        "sortBy": []
      },
      "pluginVersion": "8.5.0",
      "targets": [
        {
          "options": {
            "gitRef": "$branch"
          },
          "owner": "$organization",
          "queryType": "Commits",
          "refId": "A",
          "repository": "$repository"
        }
      ],
      "title": "Commits",
      "type": "table"
    },
    {
      "datasource": {
        "uid": "$datasource"
      },
      "fieldConfig": {
        "defaults": {
          "custom": {
            "displayMode": "auto",
            "filterable": false,
            "inspect": false
          },
          "mappings": [],
          "thresholds": {
            "mode": "absolute",
            "steps": [
              {
                "color": "green",
                "value": null
              },
              {
                "color": "red",
                "value": 80
              }
            ]
          }
        },
        "overrides": [
          {
            "matcher": {
              "id": "byName",
              "options": "title"
            },
            "properties": [
              {
                "id": "custom.width",
                "value": 323
              }
            ]
          }
        ]
      },
      "gridPos": {
        "h": 9,
        "w": 12,
        "x": 12,
        "y": 16
      },
      "id": 12,
      "options": {
        "footer": {
          "fields": "",
          "reducer": ["sum"],
          "show": false
        },
        "showHeader": true,
        "sortBy": []
      },
      "pluginVersion": "8.5.0",
      "targets": [
        {
          "options": {
            "query": ""
          },
          "owner": "$organization",
          "queryType": "Issues",
          "refId": "A",
          "repository": "$repository"
        }
      ],
      "title": "Issues",
      "type": "table"
    },
    {
      "datasource": {
        "uid": "$datasource"
      },
      "fieldConfig": {
        "defaults": {
          "custom": {
            "displayMode": "auto",
            "filterable": false,
            "inspect": false
          },
          "mappings": [],
          "thresholds": {
            "mode": "absolute",
            "steps": [
              {
                "color": "green",
                "value": null
              },
              {
                "color": "red",
                "value": 80
              }
            ]
          }
        },
        "overrides": [
          {
            "matcher": {
              "id": "byName",
              "options": "number"
            },
            "properties": [
              {
                "id": "custom.width",
                "value": 44
              }
            ]
          },
          {
            "matcher": {
              "id": "byName",
              "options": "title"
            },
            "properties": [
              {
                "id": "custom.width",
                "value": 259
              }
            ]
          }
        ]
      },
      "gridPos": {
        "h": 9,
        "w": 12,
        "x": 0,
        "y": 25
      },
      "id": 13,
      "options": {
        "footer": {
          "fields": "",
          "reducer": ["sum"],
          "show": false
        },
        "showHeader": true,
        "sortBy": []
      },
      "pluginVersion": "8.5.0",
      "targets": [
        {
          "options": {
            "timeField": 1
          },
          "owner": "$organization",
          "queryType": "Pull_Requests",
          "refId": "A",
          "repository": "$repository"
        }
      ],
      "title": "Pull Requests",
      "transformations": [
        {
          "id": "organize",
          "options": {
            "excludeByName": {
              "author_company": false,
              "author_email": false,
              "is_draft": false,
              "locked": false,
              "repository": false
            },
            "indexByName": {},
            "renameByName": {}
          }
        }
      ],
      "type": "table"
    },
    {
      "datasource": {
        "uid": "$datasource"
      },
      "fieldConfig": {
        "defaults": {
          "custom": {
            "displayMode": "auto",
            "filterable": false,
            "inspect": false
          },
          "mappings": [],
          "thresholds": {
            "mode": "absolute",
            "steps": [
              {
                "color": "green",
                "value": null
              },
              {
                "color": "red",
                "value": 80
              }
            ]
          }
        },
        "overrides": [
          {
            "matcher": {
              "id": "byName",
              "options": "id"
            },
            "properties": [
              {
                "id": "custom.width",
                "value": 380
              }
            ]
          },
          {
            "matcher": {
              "id": "byName",
              "options": "company"
            },
            "properties": [
              {
                "id": "custom.width",
                "value": 109
              }
            ]
          }
        ]
      },
      "gridPos": {
        "h": 9,
        "w": 12,
        "x": 12,
        "y": 25
      },
      "id": 17,
      "options": {
        "footer": {
          "fields": "",
          "reducer": ["sum"],
          "show": false
        },
        "showHeader": true,
        "sortBy": []
      },
      "pluginVersion": "8.5.0",
      "targets": [
        {
          "options": {
            "query": ""
          },
          "owner": "$organization",
          "queryType": "Contributors",
          "refId": "A",
          "repository": "$repository"
        }
      ],
      "title": "Contributors",
      "type": "table"
    },
    {
      "datasource": {
        "uid": "$datasource"
      },
      "fieldConfig": {
        "defaults": {
          "custom": {
            "displayMode": "auto",
            "filterable": false,
            "inspect": false
          },
          "mappings": [],
          "thresholds": {
            "mode": "absolute",
            "steps": [
              {
                "color": "green",
                "value": null
              },
              {
                "color": "red",
                "value": 80
              }
            ]
          }
        },
        "overrides": []
      },
      "gridPos": {
        "h": 9,
        "w": 12,
        "x": 0,
        "y": 34
      },
      "id": 24,
      "options": {
        "footer": {
          "fields": "",
          "reducer": ["sum"],
          "show": false
        },
        "showHeader": true
      },
      "pluginVersion": "8.5.0",
      "targets": [
        {
          "options": {
            "query": ""
          },
          "owner": "$organization",
          "queryType": "Milestones",
          "refId": "A",
          "repository": "$repository"
        }
      ],
      "title": "Milestones",
      "type": "table"
    },
    {
      "datasource": {
        "uid": "$datasource"
      },
      "fieldConfig": {
        "defaults": {
          "custom": {
            "displayMode": "auto",
            "filterable": false,
            "inspect": false
          },
          "mappings": [],
          "thresholds": {
            "mode": "absolute",
            "steps": [
              {
                "color": "green",
                "value": null
              },
              {
                "color": "red",
                "value": 80
              }
            ]
          }
        },
        "overrides": []
      },
      "gridPos": {
        "h": 9,
        "w": 12,
        "x": 12,
        "y": 34
      },
      "id": 18,
      "options": {
        "footer": {
          "fields": "",
          "reducer": ["sum"],
          "show": false
        },
        "showHeader": true,
        "sortBy": [
          {
            "desc": false,
            "displayName": "login"
          }
        ]
      },
      "pluginVersion": "8.5.0",
      "targets": [
        {
          "owner": "$organization",
          "queryType": "Releases",
          "refId": "A",
          "repository": "$repository"
        }
      ],
      "title": "Releases",
      "type": "table"
    },
    {
      "datasource": {
        "uid": "$datasource"
      },
      "fieldConfig": {
        "defaults": {
          "custom": {
            "displayMode": "auto",
            "filterable": false,
            "inspect": false
          },
          "mappings": [],
          "thresholds": {
            "mode": "absolute",
            "steps": [
              {
                "color": "green",
                "value": null
              },
              {
                "color": "red",
                "value": 80
              }
            ]
          }
        },
        "overrides": [
          {
            "matcher": {
              "id": "byName",
              "options": "author_email"
            },
            "properties": [
              {
                "id": "custom.width",
                "value": 155
              }
            ]
          }
        ]
      },
      "gridPos": {
        "h": 9,
        "w": 12,
        "x": 0,
        "y": 43
      },
      "id": 11,
      "options": {
        "footer": {
          "fields": "",
          "reducer": ["sum"],
          "show": false
        },
        "showHeader": true,
        "sortBy": []
      },
      "pluginVersion": "8.5.0",
      "targets": [
        {
          "owner": "$organization",
          "queryType": "Tags",
          "refId": "A",
          "repository": "$repository"
        }
      ],
      "title": "Tags",
      "type": "table"
    },
    {
      "datasource": {
        "uid": "$datasource"
      },
      "fieldConfig": {
        "defaults": {
          "custom": {
            "displayMode": "auto",
            "filterable": false,
            "inspect": false
          },
          "mappings": [],
          "thresholds": {
            "mode": "absolute",
            "steps": [
              {
                "color": "green",
                "value": null
              },
              {
                "color": "red",
                "value": 80
              }
            ]
          }
        },
        "overrides": []
      },
      "gridPos": {
        "h": 9,
        "w": 12,
        "x": 12,
        "y": 43
      },
      "id": 23,
      "options": {
        "footer": {
          "fields": "",
          "reducer": ["sum"],
          "show": false
        },
        "showHeader": true
      },
      "pluginVersion": "8.5.0",
      "targets": [
        {
          "options": {
            "names": "",
            "packageType": "NPM"
          },
          "owner": "$organization",
          "queryType": "Packages",
          "refId": "A",
          "repository": "$repository"
        }
      ],
      "title": "Packages",
      "type": "table"
    }
  ],
  "refresh": false,
  "schemaVersion": 36,
  "style": "dark",
  "tags": [],
  "templating": {
    "list": [
      {
        "current": {
          "selected": false,
          "text": "GitHub",
          "value": "GitHub"
        },
        "hide": 0,
        "includeAll": false,
        "multi": false,
        "name": "datasource",
        "options": [],
        "query": "grafana-github-datasource",
        "queryValue": "",
        "refresh": 1,
        "regex": "",
        "skipUrlSync": false,
        "type": "datasource"
      },
      {
        "current": {
          "selected": false,
          "text": "grafana",
          "value": "grafana"
        },
        "hide": 0,
        "label": "Organization",
        "name": "organization",
        "options": [
          {
            "selected": true,
            "text": "grafana",
            "value": "grafana"
          }
        ],
        "query": "grafana",
        "skipUrlSync": false,
        "type": "textbox"
      },
      {
        "current": {},
        "datasource": {
          "type": "grafana-github-datasource",
          "uid": "${DS_GITHUB}"
        },
        "definition": "GitHub - Repositories",
        "hide": 0,
        "includeAll": false,
        "label": "Repository",
        "multi": false,
        "name": "repository",
        "options": [],
        "query": {
          "field": "name",
          "owner": "$organization",
          "queryType": "Repositories",
          "repository": ""
        },
        "refresh": 1,
        "regex": "",
        "skipUrlSync": false,
        "sort": 0,
        "tagValuesQuery": "",
        "tagsQuery": "",
        "type": "query",
        "useTags": false
      },
      {
        "allValue": "",
        "current": {},
        "datasource": {
          "type": "grafana-github-datasource",
          "uid": "${DS_GITHUB}"
        },
        "definition": "GitHub - Labels",
        "hide": 0,
        "includeAll": true,
        "label": "Labels",
        "multi": false,
        "name": "labels",
        "options": [],
        "query": {
          "field": "name",
          "owner": "$organization",
          "queryType": "Labels",
          "repository": "$repository"
        },
        "refresh": 1,
        "regex": "",
        "skipUrlSync": false,
        "sort": 1,
        "tagValuesQuery": "",
        "tagsQuery": "",
        "type": "query",
        "useTags": false
      },
      {
        "current": {
          "selected": true,
          "text": "main",
          "value": "main"
        },
        "hide": 0,
        "includeAll": false,
        "label": "Branch",
        "multi": false,
        "name": "branch",
        "options": [
          {
            "selected": true,
            "text": "main",
            "value": "main"
          }
        ],
        "query": "main",
        "queryValue": "",
        "skipUrlSync": false,
        "type": "custom"
      },
      {
        "current": {},
        "datasource": {
          "type": "grafana-github-datasource",
          "uid": "${DS_GITHUB}"
        },
        "definition": "GitHub - Milestones",
        "hide": 0,
        "includeAll": true,
        "label": "Milestone",
        "multi": false,
        "name": "milestone",
        "options": [],
        "query": {
          "field": "title",
          "owner": "$organization",
          "queryType": "Milestones",
          "repository": "$repository"
        },
        "refresh": 1,
        "regex": "",
        "skipUrlSync": false,
        "sort": 0,
        "tagValuesQuery": "",
        "tagsQuery": "",
        "type": "query",
        "useTags": false
      }
    ]
  },
  "time": {
    "from": "now-7d",
    "to": "now"
  },
  "timepicker": {
    "refresh_intervals": ["5s", "10s", "30s", "1m", "5m", "15m", "30m", "1h", "2h", "1d"]
  },
  "timezone": "",
  "title": "GitHub Default",
  "uid": "iVcSTeyGz",
  "version": 2,
  "weekStart": ""
}
